subdomain,business_name,address,phone,Website,maps_url
iv-plumbing-heating-renovations,IV Plumbing Heating & Renovations,"16 Maple Vale, Beauly IV4 7ET",+447954709024,,https://www.google.com/maps/embed?pb=!1m18!1m12!1m3!1d3024!2d-4.464892!3d57.4783251!2m3!1f0!2f0!3f0!3m2!1i1024!2i768!4f13.1!3m3!1m2!1s0x488f0b1e5199905d%3A0xe38a391a68587dee!2sIV%20Plumbing%20Heating%20%26%20Renovations!5e0!3m2!1sen!2sus!4v1732182394323!5m2!1sen!2sus
cowe-plumbing-and-heating-ltd,Cowe Plumbing and Heating LTD,,+447867508876,,https://www.google.com/maps/embed?pb=!1m18!1m12!1m3!1d3024!2d-4.2822277!3d57.3593562!2m3!1f0!2f0!3f0!3m2!1i1024!2i768!4f13.1!3m3!1m2!1s0x488c33cba3f10001%3A0x130e69850fe9d64d!2sCowe%20Plumbing%20and%20Heating%20LTD!5e0!3m2!1sen!2sus!4v1732182394323!5m2!1sen!2sus
njm-plumbing-heating,NJM Plumbing & Heating,"13 Fairways Ave, Muir of Ord IV6 7PZ",+447810040338,,https://www.google.com/maps/embed?pb=!1m18!1m12!1m3!1d3024!2d-4.4582819!3d57.5139644!2m3!1f0!2f0!3f0!3m2!1i1024!2i768!4f13.1!3m3!1m2!1s0x488f0bb6a67ee415%3A0x3294b4f7bb309505!2sNJM%20Plumbing%20%26%20Heating!5e0!3m2!1sen!2sus!4v1732182394323!5m2!1sen!2sus
ea-plumbing-and-heating-services-limited,Ea Plumbing And Heating Services Limited,"29 Glenburn Dr, Inverness IV2 4NE",+447808550975,,https://www.google.com/maps/embed?pb=!1m18!1m12!1m3!1d3024!2d-4.2247327!3d57.4652162!2m3!1f0!2f0!3f0!3m2!1i1024!2i768!4f13.1!3m3!1m2!1s0x488f715c8684b33d%3A0x41c6e65bf45e25c1!2sEa%20Plumbing%20And%20Heating%20Services%20Limited!5e0!3m2!1sen!2sus!4v1732182394323!5m2!1sen!2sus
david-rennie-plumbing-heating-ltd,David Rennie Plumbing & Heating Ltd,"Wyvis Cottage, Strathpeffer IV14 9AF",+447717228832,,https://www.google.com/maps/embed?pb=!1m18!1m12!1m3!1d3024!2d-4.4905441!3d57.6120904!2m3!1f0!2f0!3f0!3m2!1i1024!2i768!4f13.1!3m3!1m2!1s0x488fa0458cc1314d%3A0x34179624aba4f514!2sDavid%20Rennie%20Plumbing%20%26%20Heating%20Ltd!5e0!3m2!1sen!2sus!4v1732182394323!5m2!1sen!2sus
domestic-plumbing-heating,Domestic Plumbing & Heating,"36, 4 Telford St, Inverness IV3 5LB",+447840367745,,https://www.google.com/maps/embed?pb=!1m18!1m12!1m3!1d3024!2d-4.238411!3d57.480546399999994!2m3!1f0!2f0!3f0!3m2!1i1024!2i768!4f13.1!3m3!1m2!1s0x488f71e429ba8823%3A0x43baf8e864acf2da!2sDomestic%20Plumbing%20%26%20Heating!5e0!3m2!1sen!2sus!4v1732182394323!5m2!1sen!2sus
mazs-plumbing-heating-ltd,Mazs Plumbing & Heating Ltd,,+447821411296,,https://www.google.com/maps/embed?pb=!1m18!1m12!1m3!1d3024!2d-3.2855532!3d57.564158!2m3!1f0!2f0!3f0!3m2!1i1024!2i768!4f13.1!3m3!1m2!1s0x67ad36031eedb7bb%3A0x794821cc14abcc0c!2sMazs%20Plumbing%20%26%20Heating%20Ltd!5e0!3m2!1sen!2sus!4v1732182394323!5m2!1sen!2sus
jonos-plumbing-and-heating,Jonoâ€™s Plumbing and Heating,"High St, Conon Bridge, Dingwall IV7 8AZ",+447912676690,,https://www.google.com/maps/embed?pb=!1m18!1m12!1m3!1d3024!2d-4.4381091!3d57.5669736!2m3!1f0!2f0!3f0!3m2!1i1024!2i768!4f13.1!3m3!1m2!1s0x488fa1f5c3835163%3A0x8c8cb82622f95701!2sJono%E2%80%99s%20Plumbing%20and%20Heating!5e0!3m2!1sen!2sus!4v1732182394324!5m2!1sen!2sus
b-b-warrender-plumbing-and-heating,B & B Warrender Plumbing and Heating,"14 Toch-Hill Pl, Fordoun, Laurencekirk AB30 1NY",+447917579319,,https://www.google.com/maps/embed?pb=!1m18!1m12!1m3!1d3024!2d-2.4156464!3d56.874282199999996!2m3!1f0!2f0!3f0!3m2!1i1024!2i768!4f13.1!3m3!1m2!1s0x48869098131ecc55%3A0xc2b742fe8bd4925d!2sB%20%26%20B%20Warrender%20Plumbing%20and%20Heating!5e0!3m2!1sen!2sus!4v1732182394324!5m2!1sen!2sus
highland-perthsire-plumbing-and-heating,Highland Perthsire Plumbing and Heating,"Annfield, Gladstone Terrace, Dunkeld PH8 0DP",+447910885740,,https://www.google.com/maps/embed?pb=!1m18!1m12!1m3!1d3024!2d-3.5749239!3d56.5566658!2m3!1f0!2f0!3f0!3m2!1i1024!2i768!4f13.1!3m3!1m2!1s0x48861959ca2f6cc9%3A0x1dd397b19cb747e4!2sHighland%20Perthsire%20Plumbing%20and%20Heating!5e0!3m2!1sen!2sus!4v1732182394324!5m2!1sen!2sus
owen-macgregor-plumbing-and-heating,Owen Macgregor plumbing and heating,,+447501621734,,https://www.google.com/maps/embed?pb=!1m18!1m12!1m3!1d3024!2d-3.824385!3d57.1943474!2m3!1f0!2f0!3f0!3m2!1i1024!2i768!4f13.1!3m3!1m2!1s0x66a7bcd3ffac6b6b%3A0xbd19085277add570!2sOwen%20Macgregor%20plumbing%20and%20heating!5e0!3m2!1sen!2sus!4v1732182394324!5m2!1sen!2sus
plumber,Plumber,"22 Seaforth Dr, Fortrose IV10 8RQ",+447824332337,,https://www.google.com/maps/embed?pb=!1m18!1m12!1m3!1d3024!2d-4.1205172!3d57.5819926!2m3!1f0!2f0!3f0!3m2!1i1024!2i768!4f13.1!3m3!1m2!1s0x488f83ece5582d71%3A0x2acb2feb109a7a6e!2sPlumber!5e0!3m2!1sen!2sus!4v1732182394324!5m2!1sen!2sus
clive-wadham-oil-boiler-services,Clive Wadham - Oil Boiler Services,"The Bungalow, Duisdalemore, Isleornsay, Isle of Skye IV43 8QX",+447717318415,,https://www.google.com/maps/embed?pb=!1m18!1m12!1m3!1d3024!2d-5.8012694!3d57.1575874!2m3!1f0!2f0!3f0!3m2!1i1024!2i768!4f13.1!3m3!1m2!1s0x488c347690c70b27%3A0xfedd757eb10c803c!2sClive%20Wadham%20-%20Oil%20Boiler%20Services!5e0!3m2!1sen!2sus!4v1732182394324!5m2!1sen!2sus
gary-barron-plumbing-heating,Gary Barron Plumbing & Heating,,+447366845048,,https://www.google.com/maps/embed?pb=!1m18!1m12!1m3!1d3024!2d-4.6873412!3d57.746994799999996!2m3!1f0!2f0!3f0!3m2!1i1024!2i768!4f13.1!3m3!1m2!1s0x48863dbb121f3dbb%3A0xa23d18d32db0614f!2sGary%20Barron%20Plumbing%20%26%20Heating!5e0!3m2!1sen!2sus!4v1732182394324!5m2!1sen!2sus
applied-plumbing-services,Applied Plumbing Services,"6 Wyvis Dr, Nairn IV12 4SU",+447769342075,,https://www.google.com/maps/embed?pb=!1m18!1m12!1m3!1d3024!2d-3.8859055!3d57.582472599999996!2m3!1f0!2f0!3f0!3m2!1i1024!2i768!4f13.1!3m3!1m2!1s0x488f7fff3ab0ee57%3A0x9593e8f4f5d301fd!2sApplied%20Plumbing%20Services!5e0!3m2!1sen!2sus!4v1732182394324!5m2!1sen!2sus
maclennan-p-h-services-ltd,Maclennan P & H Services Ltd,,+447887620819,,https://www.google.com/maps/embed?pb=!1m18!1m12!1m3!1d3024!2d-6.898988999999999!3d57.889618399999996!2m3!1f0!2f0!3f0!3m2!1i1024!2i768!4f13.1!3m3!1m2!1s0x12f025707344949%3A0x3e6d84cf8ae35988!2sMaclennan%20P%20%26%20H%20Services%20Ltd!5e0!3m2!1sen!2sus!4v1732182394324!5m2!1sen!2sus
neil-mckay-plumbing-heating,Neil McKay Plumbing & Heating,,+447712556770,,https://www.google.com/maps/embed?pb=!1m18!1m12!1m3!1d3024!2d-3.5725032999999997!3d56.4963242!2m3!1f0!2f0!3f0!3m2!1i1024!2i768!4f13.1!3m3!1m2!1s0x4886249ce86df739%3A0xbf19c5037852d800!2sNeil%20McKay%20Plumbing%20%26%20Heating!5e0!3m2!1sen!2sus!4v1732182394324!5m2!1sen!2sus
brosc-plumbing-services,BROSC plumbing services,,+447707683144,,https://www.google.com/maps/embed?pb=!1m18!1m12!1m3!1d3024!2d12.508827499999999!3d47.73855!2m3!1f0!2f0!3f0!3m2!1i1024!2i768!4f13.1!3m3!1m2!1s0x4889ad67f891038d%3A0x9368c150e912102b!2sBROSC%20plumbing%20services!5e0!3m2!1sen!2sus!4v1732182394324!5m2!1sen!2sus
andrew-fraser-plumbing-heating-ltd,Andrew Fraser plumbing & heating ltd,,+447557987133,,https://www.google.com/maps/embed?pb=!1m18!1m12!1m3!1d3024!2d-4.3990656999999995!3d58.024861599999994!2m3!1f0!2f0!3f0!3m2!1i1024!2i768!4f13.1!3m3!1m2!1s0x4dc398199eafc461%3A0xfc15007f82506f92!2sAndrew%20Fraser%20plumbing%20%26%20heating%20ltd!5e0!3m2!1sen!2sus!4v1732182394324!5m2!1sen!2sus
c-rowley-plumbing-heating-services,C Rowley Plumbing & Heating Services,,+447719299891,,https://www.google.com/maps/embed?pb=!1m18!1m12!1m3!1d3024!2d-2.5138135999999998!3d57.4653365!2m3!1f0!2f0!3f0!3m2!1i1024!2i768!4f13.1!3m3!1m2!1s0x4885ab00ea6edd7b%3A0xfcba51289eba955d!2sC%20Rowley%20Plumbing%20%26%20Heating%20Services!5e0!3m2!1sen!2sus!4v1732182394324!5m2!1sen!2sus
jimmy-hendry-plumber,Jimmy Hendry Plumber,,+447835168729,,https://www.google.com/maps/embed?pb=!1m18!1m12!1m3!1d3024!2d-4.2218577999999995!3d57.467996299999996!2m3!1f0!2f0!3f0!3m2!1i1024!2i768!4f13.1!3m3!1m2!1s0xabaa54ffdeb2d8a7%3A0x84cd23aae015aded!2sJimmy%20Hendry%20Plumber!5e0!3m2!1sen!2sus!4v1732182394324!5m2!1sen!2sus
