subdomain,business_name,address,phone,maps_urlrays-plumbing-heating-services,Ray's Plumbing & Heating Services,"265 Cold Springs Church Rd, Abbeville, SC 29620",+1864-446-8813,https://www.google.com/maps/embed?pb=!1m18!1m12!1m3!1d3024!2d-82.4028634!3d34.2294428!2m3!1f0!2f0!3f0!3m2!1i1024!2i768!4f13.1!3m3!1m2!1s0x88f7e2d1d963bae5%3A0xdb904b3ece9178b1!2sRay's%20Plumbing%20%26%20Heating%20Services!5e0!3m2!1sen!2sus!4v1732012967396!5m2!1sen!2sus
chavis-heating-cooling,Chavis Heating & Cooling,,,https://www.google.com/maps/embed?pb=!1m18!1m12!1m3!1d3024!2d-82.2881835!3d34.1264975!2m3!1f0!2f0!3f0!3m2!1i1024!2i768!4f13.1!3m3!1m2!1s0x88f7fca9af28e9e1%3A0xb8e083adc66efe61!2sChavis%20Heating%20%26%20Cooling!5e0!3m2!1sen!2sus!4v1732012967396!5m2!1sen!2sus,,,,
swartzentruber-plumbing,Swartzentruber Plumbing,"265 Cold Springs Church Rd, Abbeville, SC 29620",,https://www.google.com/maps/embed?pb=!1m18!1m12!1m3!1d3024!2d-82.4028634!3d34.2294428!2m3!1f0!2f0!3f0!3m2!1i1024!2i768!4f13.1!3m3!1m2!1s0x88f7e2d89ac4fcf3%3A0xbcb7602ecbf78870!2sSwartzentruber%20Plumbing!5e0!3m2!1sen!2sus!4v1732012967396!5m2!1sen!2sus,,,,
barker-plumbing-co,Barker Plumbing Co,"103 N Pleasant St, Hillsboro, TX 76645",+1254-582-9879,https://www.google.com/maps/embed?pb=!1m18!1m12!1m3!1d3024!2d-97.1263965!3d32.0109999!2m3!1f0!2f0!3f0!3m2!1i1024!2i768!4f13.1!3m3!1m2!1s0x864fa850368b7fb1%3A0x258f2c8f993fc6f3!2sBarker%20Plumbing%20Co!5e0!3m2!1sen!2sus!4v1731944381158!5m2!1sen!2sus,,,,
rays-electric-plumbing-inc,Ray's Electric & Plumbing Inc,"202 N Main St, West, TX 76691",+1254-826-5438,https://www.google.com/maps/embed?pb=!1m18!1m12!1m3!1d3024!2d-97.0917855!3d31.802768099999998!2m3!1f0!2f0!3f0!3m2!1i1024!2i768!4f13.1!3m3!1m2!1s0x864f0aa9c10f906d%3A0x60d9b3de95a5db51!2sRay's%20Electric%20%26%20Plumbing%20Inc!5e0!3m2!1sen!2sus!4v1731944381159!5m2!1sen!2sus,,,,
sam-houston-plumbing,Sam Houston Plumbing,"330 E Franklin St, Hillsboro, TX 76645",+1254-582-0330,https://www.google.com/maps/embed?pb=!1m18!1m12!1m3!1d3024!2d-97.1234795!3d32.0114677!2m3!1f0!2f0!3f0!3m2!1i1024!2i768!4f13.1!3m3!1m2!1s0x864fa84fb3b823f5%3A0x1418d892503b17fc!2sSam%20Houston%20Plumbing!5e0!3m2!1sen!2sus!4v1731944381159!5m2!1sen!2sus,,,,
advanced-aqua-plumbing-llc,Advanced Aqua Plumbing LLC,"1285 N Main St #302, Mansfield, TX 76063",+1817-453-9550,https://www.google.com/maps/embed?pb=!1m18!1m12!1m3!1d3024!2d-97.15369009999999!3d32.5818982!2m3!1f0!2f0!3f0!3m2!1i1024!2i768!4f13.1!3m3!1m2!1s0x864e6114ced51fbd%3A0x569e4df28f8fafe9!2sAdvanced%20Aqua%20Plumbing%20LLC!5e0!3m2!1sen!2sus!4v1731944381159!5m2!1sen!2sus,,,,
west-plumbing,West Plumbing,"584 Berger Rd, West, TX 76691",+1254-822-1575,https://www.google.com/maps/embed?pb=!1m18!1m12!1m3!1d3024!2d-97.0397!3d31.763279999999998!2m3!1f0!2f0!3f0!3m2!1i1024!2i768!4f13.1!3m3!1m2!1s0x864f74faa4a48251%3A0x8c4046e6eddddda0!2sWest%20Plumbing!5e0!3m2!1sen!2sus!4v1731944381159!5m2!1sen!2sus,,,,
goad-plumbing,Goad Plumbing,,+1972-723-2630,https://www.google.com/maps/embed?pb=!1m18!1m12!1m3!1d3024!2d-96.522615!3d32.3515405!2m3!1f0!2f0!3f0!3m2!1i1024!2i768!4f13.1!3m3!1m2!1s0x864eed64e5641e4b%3A0x7f3180fcb4c6335e!2sGoad%20Plumbing!5e0!3m2!1sen!2sus!4v1731944381159!5m2!1sen!2sus,,,,
t-v-plumbing-llc,T & V Plumbing LLC,,+1972-476-9975,https://www.google.com/maps/embed?pb=!1m18!1m12!1m3!1d3024!2d-96.26808!3d32.6008476!2m3!1f0!2f0!3f0!3m2!1i1024!2i768!4f13.1!3m3!1m2!1s0x864eb60c67842731%3A0xac3f6c4c6471f4dc!2sT%20%26%20V%20Plumbing%20LLC!5e0!3m2!1sen!2sus!4v1731944381159!5m2!1sen!2sus,,,,
james-hill-plumbing-repair,James Hill Plumbing Repair,"4000 N 26th St, Waco, TX 76708",+1254-714-0013,https://www.google.com/maps/embed?pb=!1m18!1m12!1m3!1d3024!2d-97.1819503!3d31.577498!2m3!1f0!2f0!3f0!3m2!1i1024!2i768!4f13.1!3m3!1m2!1s0x864f849cff2bb8a9%3A0x9eece2f1e4933b1!2sJames%20Hill%20Plumbing%20Repair!5e0!3m2!1sen!2sus!4v1731944381159!5m2!1sen!2sus,,,,
first-alert-plumbing-services,First Alert Plumbing Services,"19889 Red Oak, Larue, TX 75770",+1903-849-2719,https://www.google.com/maps/embed?pb=!1m18!1m12!1m3!1d3024!2d-95.52351759999999!3d32.187642499999995!2m3!1f0!2f0!3f0!3m2!1i1024!2i768!4f13.1!3m3!1m2!1s0x86484dabb439a17b%3A0xca00a031f4f849ee!2sFirst%20Alert%20Plumbing%20Services!5e0!3m2!1sen!2sus!4v1731944381159!5m2!1sen!2sus,,,,
gemini-plumbing-heating-excvtn,Gemini Plumbing & Heating & Excvtn,"153 Frank Hitchcock Rd, Cairo, NY 12413",+1518-622-9829,https://www.google.com/maps/embed?pb=!1m18!1m12!1m3!1d3024!2d-74.0187406!3d42.3170127!2m3!1f0!2f0!3f0!3m2!1i1024!2i768!4f13.1!3m3!1m2!1s0x89ddb9d29b433d57%3A0xfbd6350f3489da54!2sGemini%20Plumbing%20%26%20Heating%20%26%20Excvtn!5e0!3m2!1sen!2sus!4v1732017853273!5m2!1sen!2sus,,,,
dpl-plumbing-heating-corporation,DPL Plumbing & Heating Corporation,"4806 NY-23, Windham, NY 12496",+1518-734-5539,https://www.google.com/maps/embed?pb=!1m18!1m12!1m3!1d3024!2d-74.2088813!3d42.3039056!2m3!1f0!2f0!3f0!3m2!1i1024!2i768!4f13.1!3m3!1m2!1s0x89ddb3572169394f%3A0xeb025bc3aee913d!2sDPL%20Plumbing%20%26%20Heating%20Corporation!5e0!3m2!1sen!2sus!4v1732017853274!5m2!1sen!2sus,,,,
huber-enterprises,Huber Enterprises,"30 Brown Crossing Rd, Catskill, NY 12414",,https://www.google.com/maps/embed?pb=!1m18!1m12!1m3!1d3024!2d-73.862719!3d42.2380314!2m3!1f0!2f0!3f0!3m2!1i1024!2i768!4f13.1!3m3!1m2!1s0x89ddbd9521c55555%3A0xdfc26f45271d6b0d!2sHuber%20Enterprises!5e0!3m2!1sen!2sus!4v1732017853274!5m2!1sen!2sus,,,,
twin-county-plumbing-heating,Twin County Plumbing & Heating,"97 Spring St, Catskill, NY 12414",+1518-943-2307,https://www.google.com/maps/embed?pb=!1m18!1m12!1m3!1d3024!2d-73.861947!3d42.22175!2m3!1f0!2f0!3f0!3m2!1i1024!2i768!4f13.1!3m3!1m2!1s0x89ddbd9e51b37221%3A0x888ef9db1568fe78!2sTwin%20County%20Plumbing%20%26%20Heating!5e0!3m2!1sen!2sus!4v1732017853274!5m2!1sen!2sus,,,,
thompsons-plumbing-heating,Thompson's Plumbing & Heating,"5628 NY-23, Windham, NY 12496",+1518-734-6545,https://www.google.com/maps/embed?pb=!1m18!1m12!1m3!1d3024!2d-74.271047!3d42.305647!2m3!1f0!2f0!3f0!3m2!1i1024!2i768!4f13.1!3m3!1m2!1s0x89dc4c64a1e15b8b%3A0x224659cceaabcd68!2sThompson's%20Plumbing%20%26%20Heating!5e0!3m2!1sen!2sus!4v1732017853274!5m2!1sen!2sus,,,,
r-kiniry-heating-plumbing,R Kiniry Heating Plumbing,"27 Spaulding Ln, Saugerties, NY 12477",+1845-246-3153,https://www.google.com/maps/embed?pb=!1m18!1m12!1m3!1d3024!2d-73.94712799999999!3d42.059684999999995!2m3!1f0!2f0!3f0!3m2!1i1024!2i768!4f13.1!3m3!1m2!1s0x89dda737f2368dfd%3A0x2f1fb6cefe4bc13d!2sR%20Kiniry%20Heating%20Plumbing!5e0!3m2!1sen!2sus!4v1732017853274!5m2!1sen!2sus,,,,
bataviakill-plumbing-heating,Bataviakill Plumbing & Heating,"11232 NY-23, Windham, NY 12496",+1518-734-3363,https://www.google.com/maps/embed?pb=!1m18!1m12!1m3!1d3024!2d-74.300726!3d42.302397899999995!2m3!1f0!2f0!3f0!3m2!1i1024!2i768!4f13.1!3m3!1m2!1s0x89dc4c1819b63237%3A0xe0787d3910fcac6b!2sBataviakill%20Plumbing%20%26%20Heating!5e0!3m2!1sen!2sus!4v1732017853274!5m2!1sen!2sus,,,,
linzey-plumbing-heating,Linzey Plumbing & Heating,"22 Tracy Hommel Rd, Saugerties, NY 12477",+1845-246-3492,https://www.google.com/maps/embed?pb=!1m18!1m12!1m3!1d3024!2d-74.02057099999999!3d42.1290499!2m3!1f0!2f0!3f0!3m2!1i1024!2i768!4f13.1!3m3!1m2!1s0x89dda5fd0582b153%3A0x6ba0693fa1687913!2sLinzey%20Plumbing%20%26%20Heating!5e0!3m2!1sen!2sus!4v1732017853274!5m2!1sen!2sus,,,,
stauble-plumbing-heating-ele,Stauble Plumbing Heating & Ele,"26 Sterley Ave, Saugerties, NY 12477",+1845-246-3462,https://www.google.com/maps/embed?pb=!1m18!1m12!1m3!1d3024!2d-73.9635062!3d42.061205199999996!2m3!1f0!2f0!3f0!3m2!1i1024!2i768!4f13.1!3m3!1m2!1s0x89dda714cbf4d019%3A0x487fe51355e11511!2sStauble%20Plumbing%20Heating%20%26%20Ele!5e0!3m2!1sen!2sus!4v1732017853274!5m2!1sen!2sus,,,,
c-c-plumbing-heating,C & C Plumbing & Heating,"Parksville, NY 12768",,https://www.google.com/maps/embed?pb=!1m18!1m12!1m3!1d3024!2d-74.7596049!3d41.8553669!2m3!1f0!2f0!3f0!3m2!1i1024!2i768!4f13.1!3m3!1m2!1s0x89dc97e9a5ec2697%3A0xdf2d232f1651780a!2sC%20%26%20C%20Plumbing%20%26%20Heating!5e0!3m2!1sen!2sus!4v1732017853274!5m2!1sen!2sus,,,,
austerlitz-plumbing-heating,Austerlitz Plumbing & Heating,"11652 NY-22, Austerlitz, NY 12017",+1518-392-5388,https://www.google.com/maps/embed?pb=!1m18!1m12!1m3!1d3024!2d-73.4735421!3d42.3103535!2m3!1f0!2f0!3f0!3m2!1i1024!2i768!4f13.1!3m3!1m2!1s0x89ddf560fddd437f%3A0x3e3d95ef302c401b!2sAusterlitz%20Plumbing%20%26%20Heating!5e0!3m2!1sen!2sus!4v1732017853274!5m2!1sen!2sus,,,,
tom-sutton-electlplumbing-contractors,Tom Sutton Electl/Plumbing Contractors,"Glasco Turnpike, Mt Marion, NY 12456",,https://www.google.com/maps/embed?pb=!1m18!1m12!1m3!1d3024!2d-73.982671!3d42.0376505!2m3!1f0!2f0!3f0!3m2!1i1024!2i768!4f13.1!3m3!1m2!1s0x89dd082cf4fa522d%3A0x1ac8338ef70083cb!2sTom%20Sutton%20Electl%2FPlumbing%20Contractors!5e0!3m2!1sen!2sus!4v1732017853275!5m2!1sen!2sus,,,,
byron-parker-inc,"Byron Parker, Inc.",,+1518-828-1816,https://www.google.com/maps/embed?pb=!1m18!1m12!1m3!1d3024!2d-73.9448695!3d42.2439985!2m3!1f0!2f0!3f0!3m2!1i1024!2i768!4f13.1!3m3!1m2!1s0x89dd94290dbb06cb%3A0xb3cc6a8708d95bef!2sByron%20Parker%2C%20Inc.!5e0!3m2!1sen!2sus!4v1732017853275!5m2!1sen!2sus,,,,
stanleys-plumbing,Stanley's Plumbing,"128 Co Rd 47, Shandaken, NY 12480",+1845-688-5568,https://www.google.com/maps/embed?pb=!1m18!1m12!1m3!1d3024!2d-74.3996361!3d42.1209244!2m3!1f0!2f0!3f0!3m2!1i1024!2i768!4f13.1!3m3!1m2!1s0x89dc57f3614fd5cb%3A0xf7e30725fd63d478!2sStanley's%20Plumbing!5e0!3m2!1sen!2sus!4v1732017853275!5m2!1sen!2sus,,,,
