subdomain,business_name,address,phone,maps_url
rays-plumbing-heating-services,Ray's Plumbing & Heating Services,"265 Cold Springs Church Rd, Abbeville, SC 29620",+1864-446-8813,https://www.google.com/maps/embed?pb=!1m18!1m12!1m3!1d3024!2d-82.4028634!3d34.2294428!2m3!1f0!2f0!3f0!3m2!1i1024!2i768!4f13.1!3m3!1m2!1s0x88f7e2d1d963bae5%3A0xdb904b3ece9178b1!2sRay's%20Plumbing%20%26%20Heating%20Services!5e0!3m2!1sen!2sus!4v1732012967396!5m2!1sen!2sus
plumbing-paramedic-911,Plumbing Paramedic 911,,+1864-446-8911,https://www.google.com/maps/embed?pb=!1m18!1m12!1m3!1d3024!2d-82.35908189999999!3d34.220286!2m3!1f0!2f0!3f0!3m2!1i1024!2i768!4f13.1!3m3!1m2!1s0x65e6d2403a61a231%3A0xaaf689c96de2ecec!2sPlumbing%20Paramedic%20911!5e0!3m2!1sen!2sus!4v1732012967396!5m2!1sen!2sus,,,,
baughman-enterprises,Baughman Enterprises,"210 Lane St, Abbeville, SC 29620",+1864-366-9303,https://www.google.com/maps/embed?pb=!1m18!1m12!1m3!1d3024!2d-82.37966!3d34.1815031!2m3!1f0!2f0!3f0!3m2!1i1024!2i768!4f13.1!3m3!1m2!1s0x88f7fb57ad29ba3b%3A0xfbb18b19945cb4ab!2sBaughman%20Enterprises!5e0!3m2!1sen!2sus!4v1732012967396!5m2!1sen!2sus,,,,
allstages-well-pump-sales,Allstages Well Pump Sales,"5266 Hwy 28 S, Abbeville, SC 29620",+1864-348-2211,https://www.google.com/maps/embed?pb=!1m18!1m12!1m3!1d3024!2d-82.52632419999999!3d34.289867099999995!2m3!1f0!2f0!3f0!3m2!1i1024!2i768!4f13.1!3m3!1m2!1s0x88f7e1d7b5564693%3A0xe2ce26734766dbc0!2sAllstages%20Well%20Pump%20Sales!5e0!3m2!1sen!2sus!4v1732012967396!5m2!1sen!2sus,,,,
rock-solid-plumbing,Rock Solid Plumbing,"902 N Brazos St, Whitney, TX 76692",+1817-556-1553,https://www.google.com/maps/embed?pb=!1m18!1m12!1m3!1d3024!2d-97.3212999!3d31.957497399999998!2m3!1f0!2f0!3f0!3m2!1i1024!2i768!4f13.1!3m3!1m2!1s0x864fcde670924ca9%3A0x67d594e27a7804d4!2sRock%20Solid%20Plumbing!5e0!3m2!1sen!2sus!4v1731944381158!5m2!1sen!2sus,,,,
hill-plumbing-services,Hill Plumbing Services,"201 W Elm St, Hillsboro, TX 76645",+1254-582-5134,https://www.google.com/maps/embed?pb=!1m18!1m12!1m3!1d3024!2d-97.13312599999999!3d32.010546!2m3!1f0!2f0!3f0!3m2!1i1024!2i768!4f13.1!3m3!1m2!1s0x864fa85725cc91c3%3A0xa1d78f96a1a0a44!2sHill%20Plumbing%20Services!5e0!3m2!1sen!2sus!4v1731944381158!5m2!1sen!2sus,,,,
rk-plumbing-septic-services,RK Plumbing & Septic Services,"469 Kirkland Hill Rd, Axtell, TX 76624",+1254-749-0529,https://www.google.com/maps/embed?pb=!1m18!1m12!1m3!1d3024!2d-96.986549!3d31.723989!2m3!1f0!2f0!3f0!3m2!1i1024!2i768!4f13.1!3m3!1m2!1s0x864f73e838290aa3%3A0x25e575e914cd7e1a!2sRK%20Plumbing%20%26%20Septic%20Services!5e0!3m2!1sen!2sus!4v1731944381158!5m2!1sen!2sus,,,,
dillons-plumbing-service,Dillon's Plumbing Service,"275 Kirkland Hill Rd, Axtell, TX 76624",+1254-644-4412,https://www.google.com/maps/embed?pb=!1m18!1m12!1m3!1d3024!2d-96.98781799999999!3d31.723422!2m3!1f0!2f0!3f0!3m2!1i1024!2i768!4f13.1!3m3!1m2!1s0x864f73f074e67311%3A0x9421b8070eeb8e79!2sDillon's%20Plumbing%20Service!5e0!3m2!1sen!2sus!4v1731944381159!5m2!1sen!2sus,,,,
jd-plumbing-services,J&D Plumbing Services,"501 S Hinckley St, Blooming Grove, TX 76626",+1903-257-8312,https://www.google.com/maps/embed?pb=!1m18!1m12!1m3!1d3024!2d-96.71505499999999!3d32.089138999999996!2m3!1f0!2f0!3f0!3m2!1i1024!2i768!4f13.1!3m3!1m2!1s0x864f2187a243ffff%3A0xefbf808221b76fa3!2sJ%26D%20Plumbing%20Services!5e0!3m2!1sen!2sus!4v1731944381159!5m2!1sen!2sus,,,,
cortes-plumbing,Cortes Plumbing,,+1903-388-8382,https://www.google.com/maps/embed?pb=!1m18!1m12!1m3!1d3024!2d-96.9241115!3d32.1831445!2m3!1f0!2f0!3f0!3m2!1i1024!2i768!4f13.1!3m3!1m2!1s0xaae74ea774da7263%3A0x4899b4601baa568e!2sCortes%20Plumbing!5e0!3m2!1sen!2sus!4v1731944381159!5m2!1sen!2sus,,,,
slp-plumbing-services,Slp Plumbing Services,"1115 County Rd 4333, Milford, TX 76670",+1469-407-7760,https://www.google.com/maps/embed?pb=!1m18!1m12!1m3!1d3024!2d-97.01885019999999!3d32.1073097!2m3!1f0!2f0!3f0!3m2!1i1024!2i768!4f13.1!3m3!1m2!1s0x864f0171fefa4863%3A0x45dc70ca2de25107!2sSlp%20Plumbing%20Services!5e0!3m2!1sen!2sus!4v1731944381159!5m2!1sen!2sus,,,,
everett-plumbing-llc,Everett Plumbing LLC,"1817 W Main St, Atlanta, TX 75551",+1903-796-9586,https://www.google.com/maps/embed?pb=!1m18!1m12!1m3!1d3024!2d-94.1899036!3d33.1085565!2m3!1f0!2f0!3f0!3m2!1i1024!2i768!4f13.1!3m3!1m2!1s0x86342392c61e457b%3A0xfcc378892a9c9cc!2sEverett%20Plumbing%20LLC!5e0!3m2!1sen!2sus!4v1731944381159!5m2!1sen!2sus,,,,
ewg-remodeling-plumbing-electrical,EWG Remodeling Plumbing & Electrical,"2372 TX-81, Hillsboro, TX 76645",+1254-205-0965,https://www.google.com/maps/embed?pb=!1m18!1m12!1m3!1d3024!2d-97.1275883!3d32.0888147!2m3!1f0!2f0!3f0!3m2!1i1024!2i768!4f13.1!3m3!1m2!1s0x864fab20516b2307%3A0xf50c439d6920c2d2!2sEWG%20Remodeling%20Plumbing%20%26%20Electrical!5e0!3m2!1sen!2sus!4v1731944381159!5m2!1sen!2sus,,,,
anytime-plumbing,Anytime Plumbing,,+1903-477-5099,https://www.google.com/maps/embed?pb=!1m18!1m12!1m3!1d3024!2d-96.0775!3d32.1275575!2m3!1f0!2f0!3f0!3m2!1i1024!2i768!4f13.1!3m3!1m2!1s0x86491fb0fe0ecacf%3A0x2e2eb1f2971c8f3b!2sAnytime%20Plumbing!5e0!3m2!1sen!2sus!4v1731944381159!5m2!1sen!2sus,,,,
alpine-plumbing-serving-knox-county-tx-area,Alpine Plumbing (Serving Knox County TX Area),"909 S E 3rd St, Knox City, TX 79529",+1940-657-4094,https://www.google.com/maps/embed?pb=!1m18!1m12!1m3!1d3024!2d-99.808664!3d33.4158329!2m3!1f0!2f0!3f0!3m2!1i1024!2i768!4f13.1!3m3!1m2!1s0x8654f925085e18db%3A0x728cd746914699b4!2sAlpine%20Plumbing%20(Serving%20Knox%20County%20TX%20Area)!5e0!3m2!1sen!2sus!4v1731944381159!5m2!1sen!2sus,,,,
dennis-smith-plumbing,Dennis Smith Plumbing,"388 Crawshaw Ln, West, TX 76691",+1254-826-3450,https://www.google.com/maps/embed?pb=!1m18!1m12!1m3!1d3024!2d-97.12051579999999!3d31.7841176!2m3!1f0!2f0!3f0!3m2!1i1024!2i768!4f13.1!3m3!1m2!1s0x864f9f8e6d191d31%3A0x2ec89cc947fc5801!2sDennis%20Smith%20Plumbing!5e0!3m2!1sen!2sus!4v1731944381159!5m2!1sen!2sus,,,,
speights-sons-septic-tank,Speights & Sons Septic Tank,"3284 Farm to Market Rd 933, Whitney, TX 76692",+1254-694-4406,https://www.google.com/maps/embed?pb=!1m18!1m12!1m3!1d3024!2d-97.2922962!3d31.927023799999997!2m3!1f0!2f0!3f0!3m2!1i1024!2i768!4f13.1!3m3!1m2!1s0x864fbae547f8ab95%3A0x6ced67bd647182f5!2sSpeights%20%26%20Sons%20Septic%20Tank!5e0!3m2!1sen!2sus!4v1731944381159!5m2!1sen!2sus,,,,
area-wide-plumbing,Area Wide Plumbing,,+1972-923-0267,https://www.google.com/maps/embed?pb=!1m18!1m12!1m3!1d3024!2d-96.8339304!3d32.349289!2m3!1f0!2f0!3f0!3m2!1i1024!2i768!4f13.1!3m3!1m2!1s0x864ee1a805391681%3A0x1ce0d938a2a05d3a!2sArea%20Wide%20Plumbing!5e0!3m2!1sen!2sus!4v1731944381159!5m2!1sen!2sus,,,,
curlys-plumbing-inc,"Curly's Plumbing, Inc.",,+1817-558-1192,https://www.google.com/maps/embed?pb=!1m18!1m12!1m3!1d3024!2d-97.2257276!3d32.295547!2m3!1f0!2f0!3f0!3m2!1i1024!2i768!4f13.1!3m3!1m2!1s0x864e466ce70564b9%3A0x381655d38c0bea9b!2sCurly's%20Plumbing%2C%20Inc.!5e0!3m2!1sen!2sus!4v1731944381159!5m2!1sen!2sus,,,,
cedar-creek-lake-plumbing,Cedar Creek Lake Plumbing,,+1903-206-4099,https://www.google.com/maps/embed?pb=!1m18!1m12!1m3!1d3024!2d-96.25759699999999!3d32.2015416!2m3!1f0!2f0!3f0!3m2!1i1024!2i768!4f13.1!3m3!1m2!1s0x864925779c1225a9%3A0x52ab07a5a397966e!2sCedar%20Creek%20Lake%20Plumbing!5e0!3m2!1sen!2sus!4v1731944381159!5m2!1sen!2sus,,,,
ans-plumbing-co,ANS Plumbing Co.,,+1469-807-6525,https://www.google.com/maps/embed?pb=!1m18!1m12!1m3!1d3024!2d-96.963595!3d32.7430719!2m3!1f0!2f0!3f0!3m2!1i1024!2i768!4f13.1!3m3!1m2!1s0x88abf77151ca063d%3A0x63b62eca7743ce34!2sANS%20Plumbing%20Co.!5e0!3m2!1sen!2sus!4v1731944381159!5m2!1sen!2sus,,,,
batjac-plumbing-llc,"BATJAC Plumbing, LLC",,+1479-461-7538,https://www.google.com/maps/embed?pb=!1m18!1m12!1m3!1d3024!2d-94.1905275!3d35.3477315!2m3!1f0!2f0!3f0!3m2!1i1024!2i768!4f13.1!3m3!1m2!1s0xaa6c066640aa2c3d%3A0x7a37ba1d6fe3bf1b!2sBATJAC%20Plumbing%2C%20LLC!5e0!3m2!1sen!2sus!4v1731944381159!5m2!1sen!2sus,,,,
patriot-plumbing,Patriot Plumbing,,+1430-236-5913,https://www.google.com/maps/embed?pb=!1m18!1m12!1m3!1d3024!2d-96.7349886!3d32.3006915!2m3!1f0!2f0!3f0!3m2!1i1024!2i768!4f13.1!3m3!1m2!1s0x6a57e22019f90029%3A0x4ffec9d568e68a82!2sPatriot%20Plumbing!5e0!3m2!1sen!2sus!4v1731944381159!5m2!1sen!2sus,,,,
carlos-sons-plumbing,Carlos & Sons Plumbing,"3526 N 19th St #8000, Waco, TX 76708",+1254-277-2617,https://www.google.com/maps/embed?pb=!1m18!1m12!1m3!1d3024!2d-97.1710377!3d31.577350799999998!2m3!1f0!2f0!3f0!3m2!1i1024!2i768!4f13.1!3m3!1m2!1s0x864f83ecc9976b23%3A0x260b3737f524c394!2sCarlos%20%26%20Sons%20Plumbing!5e0!3m2!1sen!2sus!4v1731944381159!5m2!1sen!2sus,,,,
brazos-septic-solution,Brazos Septic Solution,,+1254-235-3897,https://www.google.com/maps/embed?pb=!1m18!1m12!1m3!1d3024!2d-97.30116199999999!3d31.509593499999998!2m3!1f0!2f0!3f0!3m2!1i1024!2i768!4f13.1!3m3!1m2!1s0x864fa15ee3e8f5fb%3A0xfc00f0997bfbfc9d!2sBrazos%20Septic%20Solution!5e0!3m2!1sen!2sus!4v1731944381159!5m2!1sen!2sus,,,,
declan-sons-plumbing,Declan & Sons Plumbing,"215 S University Parks Dr #9180, Waco, TX 76701",+1254-276-3535,https://www.google.com/maps/embed?pb=!1m18!1m12!1m3!1d3024!2d-97.126797!3d31.5583256!2m3!1f0!2f0!3f0!3m2!1i1024!2i768!4f13.1!3m3!1m2!1s0x864f83afbe2c6317%3A0xfe35e9940573ef97!2sDeclan%20%26%20Sons%20Plumbing!5e0!3m2!1sen!2sus!4v1731944381159!5m2!1sen!2sus,,,,
asap-plumbing-llc,ASAP Plumbing LLC,"516 Anthracite St, Carbon, TX 76435",+1254-639-3075,https://www.google.com/maps/embed?pb=!1m18!1m12!1m3!1d3024!2d-98.82397279999999!3d32.266893599999996!2m3!1f0!2f0!3f0!3m2!1i1024!2i768!4f13.1!3m3!1m2!1s0x865117d4e13f198d%3A0xae49979d886f127b!2sASAP%20Plumbing%20LLC!5e0!3m2!1sen!2sus!4v1731944381159!5m2!1sen!2sus,,,,
l-j-plumbing,L J Plumbing,"282 Castillo Village Rd, Waco, TX 76708",+1254-756-3602,https://www.google.com/maps/embed?pb=!1m18!1m12!1m3!1d3024!2d-97.2066413!3d31.6258661!2m3!1f0!2f0!3f0!3m2!1i1024!2i768!4f13.1!3m3!1m2!1s0x864f9b3c3c3d8bf5%3A0x60a42a2ad32ba1b4!2sL%20J%20Plumbing!5e0!3m2!1sen!2sus!4v1731944381159!5m2!1sen!2sus,,,,
j-l-plumbing-company,J-L Plumbing Company,,+1817-304-2761,https://www.google.com/maps/embed?pb=!1m18!1m12!1m3!1d3024!2d-100.0768425!3d31.1689103!2m3!1f0!2f0!3f0!3m2!1i1024!2i768!4f13.1!3m3!1m2!1s0x8651fe090625b131%3A0xdeb59f3fa70f95f6!2sJ-L%20Plumbing%20Company!5e0!3m2!1sen!2sus!4v1731944381159!5m2!1sen!2sus,,,,
melbrooks-plumbing-co,Melbrooks Plumbing Co.,,+1214-417-9998,https://www.google.com/maps/embed?pb=!1m18!1m12!1m3!1d3024!2d-96.8339304!3d32.349289!2m3!1f0!2f0!3f0!3m2!1i1024!2i768!4f13.1!3m3!1m2!1s0x864edb2cc30f8967%3A0xeea822526b8ad9d0!2sMelbrooks%20Plumbing%20Co.!5e0!3m2!1sen!2sus!4v1731944381159!5m2!1sen!2sus,,,,
handyman-plumbing-and-heating,Handyman Plumbing and Heating,,+1518-947-0613,https://www.google.com/maps/embed?pb=!1m18!1m12!1m3!1d3024!2d-73.9208429!3d42.2022695!2m3!1f0!2f0!3f0!3m2!1i1024!2i768!4f13.1!3m3!1m2!1s0x89ddbb4d1e98ca6d%3A0x55648a92ed3ccfd6!2sHandyman%20Plumbing%20and%20Heating!5e0!3m2!1sen!2sus!4v1732017853273!5m2!1sen!2sus,,,,
docs-plumbing-handyman-service,Doc's Plumbing & Handyman Service,"238 Mitchell Hollow Rd, Windham, NY 12496",+1845-803-1352,https://www.google.com/maps/embed?pb=!1m18!1m12!1m3!1d3024!2d-74.24570039999999!3d42.3238699!2m3!1f0!2f0!3f0!3m2!1i1024!2i768!4f13.1!3m3!1m2!1s0x89dc4bf5eb4f8371%3A0x83189c8fd54fa396!2sDoc's%20Plumbing%20%26%20Handyman%20Service!5e0!3m2!1sen!2sus!4v1732017853273!5m2!1sen!2sus,,,,
leghorn-plumbing-heating,Leghorn Plumbing & Heating,,+1518-610-4486,https://www.google.com/maps/embed?pb=!1m18!1m12!1m3!1d3024!2d-74.1330625!3d42.243106999999995!2m3!1f0!2f0!3f0!3m2!1i1024!2i768!4f13.1!3m3!1m2!1s0x447311d8159921f5%3A0xf871ebf155c5f9b2!2sLeghorn%20Plumbing%20%26%20Heating!5e0!3m2!1sen!2sus!4v1732017853273!5m2!1sen!2sus,,,,
millers-plumbing,Miller's plumbing,,+1518-949-0259,https://www.google.com/maps/embed?pb=!1m18!1m12!1m3!1d3024!2d-73.8696454!3d42.5049724!2m3!1f0!2f0!3f0!3m2!1i1024!2i768!4f13.1!3m3!1m2!1s0x65ad01ec341c87ff%3A0xd20f6f072b854e4e!2sMiller's%20plumbing!5e0!3m2!1sen!2sus!4v1732017853273!5m2!1sen!2sus,,,,
garzones-plumbing-heating,Garzone's Plumbing & Heating,"477 High Peak Rd, East Windham, NY 12439",+1518-622-9474,https://www.google.com/maps/embed?pb=!1m18!1m12!1m3!1d3024!2d-74.1593424!3d42.3365645!2m3!1f0!2f0!3f0!3m2!1i1024!2i768!4f13.1!3m3!1m2!1s0x89ddb5d9cb2bd75d%3A0xb659922522d49b01!2sGarzone's%20Plumbing%20%26%20Heating!5e0!3m2!1sen!2sus!4v1732017853273!5m2!1sen!2sus,,,,
exclusive-plumbing-and-heating,Exclusive Plumbing and Heating,,+1607-386-2440,https://www.google.com/maps/embed?pb=!1m18!1m12!1m3!1d3024!2d-75.5099314!3d42.3821413!2m3!1f0!2f0!3f0!3m2!1i1024!2i768!4f13.1!3m3!1m2!1s0x89db97782fcd3057%3A0xb34e32200f43be27!2sExclusive%20Plumbing%20and%20Heating!5e0!3m2!1sen!2sus!4v1732017853274!5m2!1sen!2sus,,,,
on-call-plumbing-heating,On Call Plumbing & Heating,,+1518-945-2255,https://www.google.com/maps/embed?pb=!1m18!1m12!1m3!1d3024!2d-73.9132544!3d42.332305!2m3!1f0!2f0!3f0!3m2!1i1024!2i768!4f13.1!3m3!1m2!1s0x89dd950660d277eb%3A0xfba212b2483a230c!2sOn%20Call%20Plumbing%20%26%20Heating!5e0!3m2!1sen!2sus!4v1732017853274!5m2!1sen!2sus,,,,
brian-pyshers-plumbing,Brian pysher's Plumbing,"8 Old Walnut St, Cementon, NY 12414",+1845-532-6571,https://www.google.com/maps/embed?pb=!1m18!1m12!1m3!1d3024!2d-73.9228802!3d42.1374978!2m3!1f0!2f0!3f0!3m2!1i1024!2i768!4f13.1!3m3!1m2!1s0x89dda391f37b3147%3A0x85dd61b021df1148!2sBrian%20pysher's%20Plumbing!5e0!3m2!1sen!2sus!4v1732017853274!5m2!1sen!2sus,,,,
streamline-mechanical-services-llc,"Streamline Mechanical Services, LLC",,+1518-821-9431,https://www.google.com/maps/embed?pb=!1m18!1m12!1m3!1d3024!2d-74.030377!3d42.216415!2m3!1f0!2f0!3f0!3m2!1i1024!2i768!4f13.1!3m3!1m2!1s0x89ddb79368a80063%3A0x18aba8549619bd7a!2sStreamline%20Mechanical%20Services%2C%20LLC!5e0!3m2!1sen!2sus!4v1732017853274!5m2!1sen!2sus,,,,
ad-plumbing-and-heating-solutions,A&D Plumbing And Heating Solutions,"368 Mettacahonts Rd, Accord, NY 12404",+1845-901-1791,https://www.google.com/maps/embed?pb=!1m18!1m12!1m3!1d3024!2d-74.25385109999999!3d41.8135024!2m3!1f0!2f0!3f0!3m2!1i1024!2i768!4f13.1!3m3!1m2!1s0x89dce1ad6f1b14c9%3A0x2b85568ffeeae2bf!2sA%26D%20Plumbing%20And%20Heating%20Solutions!5e0!3m2!1sen!2sus!4v1732017853274!5m2!1sen!2sus,,,,
nextgen-plumbing-heating,Nextgen Plumbing & Heating,,+1518-424-3098,https://www.google.com/maps/embed?pb=!1m18!1m12!1m3!1d3024!2d-74.5998764!3d42.2612585!2m3!1f0!2f0!3f0!3m2!1i1024!2i768!4f13.1!3m3!1m2!1s0xa52d1cd9f7fd4d69%3A0x212303e2402ee160!2sNextgen%20Plumbing%20%26%20Heating!5e0!3m2!1sen!2sus!4v1732017853274!5m2!1sen!2sus,,,,
esopus-valley-plumbing,Esopus Valley Plumbing,,+1845-443-6926,https://www.google.com/maps/embed?pb=!1m18!1m12!1m3!1d3024!2d-74.2934726!3d41.983475!2m3!1f0!2f0!3f0!3m2!1i1024!2i768!4f13.1!3m3!1m2!1s0xa70dac0c02ef2c8d%3A0xdde5f6195c7c3a!2sEsopus%20Valley%20Plumbing!5e0!3m2!1sen!2sus!4v1732017853274!5m2!1sen!2sus,,,,
logan-plumbing-heating-ac,Logan Plumbing Heating & AC,"174 County Rd 2, Greene, NY 13778",+1607-875-4066,https://www.google.com/maps/embed?pb=!1m18!1m12!1m3!1d3024!2d-75.8011511!3d42.3076359!2m3!1f0!2f0!3f0!3m2!1i1024!2i768!4f13.1!3m3!1m2!1s0x89da55e7534ca481%3A0x4d8e4fd63016f5f3!2sLogan%20Plumbing%20Heating%20%26%20AC!5e0!3m2!1sen!2sus!4v1732017853274!5m2!1sen!2sus,,,,
murphys-plumbing-heating-ac,Murphy's Plumbing Heating & AC,"443 NY-212, Saugerties, NY 12477",+1845-246-2917,https://www.google.com/maps/embed?pb=!1m18!1m12!1m3!1d3024!2d-73.9790852!3d42.0825398!2m3!1f0!2f0!3f0!3m2!1i1024!2i768!4f13.1!3m3!1m2!1s0x89dda6fe20bd036f%3A0x30fd0104a15e742c!2sMurphy's%20Plumbing%20Heating%20%26%20AC!5e0!3m2!1sen!2sus!4v1732017853274!5m2!1sen!2sus,,,,
alvaro-plumbing-heating,Alvaro Plumbing & Heating,"2237 NY-22, Patterson, NY 12563",+1914-721-3050,https://www.google.com/maps/embed?pb=!1m18!1m12!1m3!1d3024!2d-73.5801855!3d41.4630703!2m3!1f0!2f0!3f0!3m2!1i1024!2i768!4f13.1!3m3!1m2!1s0x89dd5fed268c6361%3A0xe06c827743cfe054!2sAlvaro%20Plumbing%20%26%20Heating!5e0!3m2!1sen!2sus!4v1732017853274!5m2!1sen!2sus,,,,
cliff-tienken-plumbing-heating,Cliff Tienken Plumbing Heating,"265 Mike Krout Rd, Saugerties, NY 12477",+1845-246-9288,https://www.google.com/maps/embed?pb=!1m18!1m12!1m3!1d3024!2d-73.9437149!3d42.0969595!2m3!1f0!2f0!3f0!3m2!1i1024!2i768!4f13.1!3m3!1m2!1s0x89dda6b629458e5d%3A0xbeab9e70513b6264!2sCliff%20Tienken%20Plumbing%20Heating!5e0!3m2!1sen!2sus!4v1732017853274!5m2!1sen!2sus,,,,
msl-heating-and-plumbing-matt-levine-hudson-valley,MSL Heating and Plumbing - Matt Levine Hudson Valley,"7 Cottontail Ln, Catskill, NY 12414",+1518-947-9920,https://www.google.com/maps/embed?pb=!1m18!1m12!1m3!1d3024!2d-73.8705519!3d42.206449299999996!2m3!1f0!2f0!3f0!3m2!1i1024!2i768!4f13.1!3m3!1m2!1s0x89ddbd1408849bbf%3A0x89a66bd6d6b463e!2sMSL%20Heating%20and%20Plumbing%20-%20Matt%20Levine%20Hudson%20Valley!5e0!3m2!1sen!2sus!4v1732017853274!5m2!1sen!2sus,,,,
jcs-plumbing-heating,JC's Plumbing & Heating,"112 Elko Lake Dr, Parksville, NY 12768",+1845-292-7557,https://www.google.com/maps/embed?pb=!1m18!1m12!1m3!1d3024!2d-74.7119685!3d41.892326!2m3!1f0!2f0!3f0!3m2!1i1024!2i768!4f13.1!3m3!1m2!1s0x89dc96eae084b15b%3A0x5f921940e2be2b1d!2sJC's%20Plumbing%20%26%20Heating!5e0!3m2!1sen!2sus!4v1732017853274!5m2!1sen!2sus,,,,
ralph-downs-plumbing-heating,Ralph Downs Plumbing & Heating,"106 Hunter Lake Rd, Parksville, NY 12768",+1845-707-3748,https://www.google.com/maps/embed?pb=!1m18!1m12!1m3!1d3024!2d-74.73111589999999!3d41.8999039!2m3!1f0!2f0!3f0!3m2!1i1024!2i768!4f13.1!3m3!1m2!1s0x89dc977fc37f06d1%3A0xa0ff854ff7287f69!2sRalph%20Downs%20Plumbing%20%26%20Heating!5e0!3m2!1sen!2sus!4v1732017853274!5m2!1sen!2sus,,,,
dominicks-plumbing-heating,Dominick's Plumbing & Heating,"Monticello, NY 12701",+1845-866-4686,https://www.google.com/maps/embed?pb=!1m18!1m12!1m3!1d3024!2d-74.68932819999999!3d41.655646499999996!2m3!1f0!2f0!3f0!3m2!1i1024!2i768!4f13.1!3m3!1m2!1s0x89dcb0cafc4ed4cd%3A0x2cc17aee93f8280e!2sDominick's%20Plumbing%20%26%20Heating!5e0!3m2!1sen!2sus!4v1732017853274!5m2!1sen!2sus,,,,
therrien-plumbing,Therrien Plumbing,"9731 Nunda Dalton Rd, Dalton, NY 14836",+1585-476-2037,https://www.google.com/maps/embed?pb=!1m18!1m12!1m3!1d3024!2d-77.9462404!3d42.5557166!2m3!1f0!2f0!3f0!3m2!1i1024!2i768!4f13.1!3m3!1m2!1s0x89d3d541ec281f35%3A0x435ae271d93dd121!2sTherrien%20Plumbing!5e0!3m2!1sen!2sus!4v1732017853274!5m2!1sen!2sus,,,,
georges-electric-plumbing,George's Electric & Plumbing,"77 Liberty St, Hannacroix, NY 12087",+1518-756-2302,https://www.google.com/maps/embed?pb=!1m18!1m12!1m3!1d3024!2d-73.791077!3d42.442813799999996!2m3!1f0!2f0!3f0!3m2!1i1024!2i768!4f13.1!3m3!1m2!1s0x89dde8fee8d93c1d%3A0xa03753c2489f1e51!2sGeorge's%20Electric%20%26%20Plumbing!5e0!3m2!1sen!2sus!4v1732017853274!5m2!1sen!2sus,,,,
dj-hvac-electrical-and-plumbing,"D&J HVAC, Electrical, and plumbing","2016 Ulster Ave, Lake Katrine, NY 12449",+1845-750-6253,https://www.google.com/maps/embed?pb=!1m18!1m12!1m3!1d3024!2d-73.98598729999999!3d41.9920233!2m3!1f0!2f0!3f0!3m2!1i1024!2i768!4f13.1!3m3!1m2!1s0x692f14de8ff322fb%3A0xb1bcbcddc079b37a!2sD%26J%20HVAC%2C%20Electrical%2C%20and%20plumbing!5e0!3m2!1sen!2sus!4v1732017853274!5m2!1sen!2sus,,,,
snake-works-plumbing-llc,Snake Works Plumbing LLC,"3629 NY-7, Howes Cave, NY 12092",+1518-368-6545,https://www.google.com/maps/embed?pb=!1m18!1m12!1m3!1d3024!2d-74.333795!3d42.706770999999996!2m3!1f0!2f0!3f0!3m2!1i1024!2i768!4f13.1!3m3!1m2!1s0x98d139f7bd1ae8b%3A0x8b627526e61239fd!2sSnake%20Works%20Plumbing%20LLC!5e0!3m2!1sen!2sus!4v1732017853274!5m2!1sen!2sus,,,,
sir-fix-alot-home-services,sir fix alot home services,"6387 US-209, Kerhonkson, NY 12446",+1929-412-3376,https://www.google.com/maps/embed?pb=!1m18!1m12!1m3!1d3024!2d-74.3020816!3d41.7742067!2m3!1f0!2f0!3f0!3m2!1i1024!2i768!4f13.1!3m3!1m2!1s0x2347c54fcfd9e007%3A0x8fdb9224564f1a75!2ssir%20fix%20alot%20home%20services!5e0!3m2!1sen!2sus!4v1732017853274!5m2!1sen!2sus,,,,
cliff-tienken-plumbing-heating-air-conditioning,"Cliff Tienken Plumbing, Heating & Air Conditioning","218 Ulster Ave, Saugerties, NY 12477",+1845-246-9288,https://www.google.com/maps/embed?pb=!1m18!1m12!1m3!1d3024!2d-73.9641975!3d42.081715599999995!2m3!1f0!2f0!3f0!3m2!1i1024!2i768!4f13.1!3m3!1m2!1s0x89dda6e1eb50c667%3A0x794fd127da5a2f34!2sCliff%20Tienken%20Plumbing%2C%20Heating%20%26%20Air%20Conditioning!5e0!3m2!1sen!2sus!4v1732017853274!5m2!1sen!2sus,,,,
rm-mechanical-plumbingheating,R&M Mechanical Plumbing&Heating,,+1607-232-4245,https://www.google.com/maps/embed?pb=!1m18!1m12!1m3!1d3024!2d-74.9321214!3d42.1830454!2m3!1f0!2f0!3f0!3m2!1i1024!2i768!4f13.1!3m3!1m2!1s0x28c723013b6a4b3%3A0x6e31ff7c0681fe97!2sR%26M%20Mechanical%20Plumbing%26Heating!5e0!3m2!1sen!2sus!4v1732017853274!5m2!1sen!2sus,,,,
panicola-electric,Panicola Electric,"6540 NY-32, Cairo, NY 12413",+1518-417-8572,https://www.google.com/maps/embed?pb=!1m18!1m12!1m3!1d3024!2d-73.9761972!3d42.2591646!2m3!1f0!2f0!3f0!3m2!1i1024!2i768!4f13.1!3m3!1m2!1s0x89ddbbbae1ff275d%3A0xac0d6f63edb72c7e!2sPanicola%20Electric!5e0!3m2!1sen!2sus!4v1732017853274!5m2!1sen!2sus,,,,
harkins-plumbing-heating,Harkins Plumbing & Heating,"107 Scudderhook Rd #1, Hudson, NY 12534",+1518-537-4817,https://www.google.com/maps/embed?pb=!1m18!1m12!1m3!1d3024!2d-73.76081909999999!3d42.1200348!2m3!1f0!2f0!3f0!3m2!1i1024!2i768!4f13.1!3m3!1m2!1s0x89dd9971d6d8b745%3A0xd55597eb27c23ea3!2sHarkins%20Plumbing%20%26%20Heating!5e0!3m2!1sen!2sus!4v1732017853274!5m2!1sen!2sus,,,,
sk-plumbing-contracting-llc,"SK Plumbing & Contracting, LLC","16 Peregrim Ln, Johnsonville, NY 12094",+1518-222-2626,https://www.google.com/maps/embed?pb=!1m18!1m12!1m3!1d3024!2d-73.5205166!3d42.9704039!2m3!1f0!2f0!3f0!3m2!1i1024!2i768!4f13.1!3m3!1m2!1s0x89d13bd5cb0d8d69%3A0x7aa8674e8f0b9219!2sSK%20Plumbing%20%26%20Contracting%2C%20LLC!5e0!3m2!1sen!2sus!4v1732017853274!5m2!1sen!2sus,,,,
ckh-plumbing,CKH Plumbing,"2644 Falls Rd, Marcellus, NY 13108",+1315-673-3728,https://www.google.com/maps/embed?pb=!1m18!1m12!1m3!1d3024!2d-76.3267157!3d43.00286!2m3!1f0!2f0!3f0!3m2!1i1024!2i768!4f13.1!3m3!1m2!1s0x89d9f8fc9b276619%3A0x3d5d83ebb5e0386c!2sCKH%20Plumbing!5e0!3m2!1sen!2sus!4v1732017853275!5m2!1sen!2sus,,,,
bg-general-mechanical-llc,"B&G General Mechanical, LLC",,+1518-239-6781,https://www.google.com/maps/embed?pb=!1m18!1m12!1m3!1d3024!2d-74.22872749999999!3d42.2015935!2m3!1f0!2f0!3f0!3m2!1i1024!2i768!4f13.1!3m3!1m2!1s0x89ddcb40a77e2c9d%3A0xf34683c7e328b164!2sB%26G%20General%20Mechanical%2C%20LLC!5e0!3m2!1sen!2sus!4v1732017853275!5m2!1sen!2sus,,,,
